Tranquil Loop,123 Serenity Street,Farming Zen Lane,2.5,72,Easy,Loop_Trail
Pine Ridge Ramble,456 Evergreen Way,Spruce Haven Drive,3.8,120,Moderate,Point_to_Point
Summit Expedition,789 Mountain View Drive,Valley Vista Lane,5.2,210,Hard,Loop_Trail
Meadow Meander,234 Greenfield Avenue,Wildflower Trail,1.7,50,Easy,Loop_Trail
Creek Side Stroll,567 Riverside Road,Brookbank Lane,4.3,98,Moderate,Out_and_Back
Canyon Quest,890 Cliffside Court,Gorge Trailhead,6.6,280,Hard,Loop_Trail
Whispering Pines Path,345 Tranquility Street,Sycamore Lane,2.9,82,Easy,Out_and_Back
Lakeside Loop_Trail,678 Waterfront Drive,Shoreline Avenue,4.1,112,Moderate,Loop_Trail
Blazing Trails,901 Firestone Lane,Ember Avenue,3.4,95,Moderate,Out_and_Back
Skyline Sojourn,234 Summit Ridge Road,Horizon Drive,7.8,320,Hard,Point_to_Point
Sunrise Serenade,567 Dawn Boulevard,Morning Glory Lane,2.1,65,Easy,Loop_Trail
Redwood Retreat,890 Forest Trail,Sequoia Lane,5.5,180,Moderate,Out_and_Back
Clifftop Challenge,123 Precipice Avenue,Overlook Road,8.2,340,Hard,Point_to_Point
Butterfly Bliss,456 Garden Path,Nectar Lane,1.9,60,Easy,Loop_Trail
Riverbank Ramble,789 Riverside Drive,Creekview Lane,3.6,105,Moderate,Loop_Trail
Valley View Voyage,234 Scenic Route,Panorama Parkway,6.9,250,Hard,Loop_Trail
Tranquil Waters Trail,567 Lakeside Lane,Pondside Avenue,2.3,75,Easy,Loop_Trail
Desert Dunes Discovery,890 Oasis Road,Sandstone Street,4.8,125,Moderate,Out_and_Back
Summit Sunrise Stroll,123 Horizon Heights,Crestview Court,7.4,290,Hard,Out_and_Back
Autumn Amble,456 Harvest Lane,Maple Grove Avenue,2.8,88,Easy,Loop_Trail
Enchanted Forest Expedition,789 Magic Path,Fairytale Lane,4.5,115,Moderate,Loop_Trail
Mountain Majesty March,234 Altitude Avenue,Ascent Trailhead,5.9,200,Hard,Out_and_Back
Lakeside Leisure,567 Water's Edge Road,Shoreline Lane,1.5,45,Easy,Out_and_Back
Wilderness Wanderlust,890 Untamed Trail,Wildpath Avenue,3.9,102,Moderate,Point_to_Point
Ridgecrest Rendezvous,123 Crestline Court,Mountainview Drive,6.1,240,Hard,Out_and_Back
Serenity Summit,456 Peaceful Path,Harmony Lane,2.2,68,Easy,Loop_Trail
Sycamore Shade Stroll,789 Shady Grove Road,Leafy Lane,4.2,110,Moderate,Out_and_Back
Grand Canyon Gateway,234 Cliffside Avenue,Overlook Lane,7.7,310,Hard,Point_to_Point
Meadowland Meander,567 Green Pasture Lane,Wildflower Avenue,2.6,80,Easy,Point_to_Point
Riverside Ramble,890 Brookside Boulevard,Creekview Drive,3.7,96,Moderate,Loop_Trail
Vista Voyage,123 Horizon Hill Drive,Panorama Path,6.4,260,Hard,Point_to_Point
Sunset Sojourn,456 Twilight Trail,Evening Avenue,1.8,58,Easy,Loop_Trail
Redwood Retreat,789 Forest Floor Lane,Sequoia Avenue,5.3,175,Moderate,Out_and_Back
Clifftop Challenge,234 Precipice Path,Overlook Lane,8.8,360,Hard,Point_to_Point
Riverbank Ramble,890 Riverside Ridge,Creekview Avenue,3.5,100,Moderate,Loop_Trail
Valley View Voyage,123 Scenic Summit Road,Panorama Avenue,6.7,260,Hard,Point_to_Point
Tranquil Waters Trail,456 Lakeside Lane,Pondside Drive,2.0,72,Easy,Loop_Trail
Desert Dunes Discovery,789 Oasis Outlook,Sandstone Lane,4.6,120,Moderate,Loop_Trail
Summit Sunrise Stroll,234 Horizon Heights,Crestview Path,7.1,280,Hard,Point_to_Point
Autumn Amble,456 Harvest Haven Lane,Maple Grove Avenue,2.9,90,Easy,Loop_Trail
Enchanted Forest Expedition,890 Magic Meadow Lane,Fairytale Avenue,4.4,112,Moderate,Out_and_Back
Mountain Majesty March,123 Altitude Avenue,Ascent Lane,5.6,190,Hard,Point_to_Point
Lakeside Leisure,567 Waterfront Walk,Shoreline Avenue,1.4,50,Easy,Loop_Trail
Wilderness Wanderlust,789 Untamed Trail,Wildpath Avenue,4.0,105,Moderate,Out_and_Back
Ridgecrest Rendezvous,234 Crestline Court,Mountainview Drive,6.2,250,Hard,Point_to_Point
Serenity Summit,456 Peaceful Path,Harmony Avenue,2.1,67,Easy,Loop_Trail
Sycamore Shade Stroll,890 Shady Grove Road,Leafy Lane,4.0,106,Moderate,Loop_Trail
Grand Canyon Gateway,123 Cliffside Avenue,Overlook Lane,7.5,300,Hard,Point_to_Point
Meadowland Meander,567 Green Pasture Lane,Wildflower Avenue,2.4,76,Easy,Loop_Trail
Riverside Ramble,890 Brookside Boulevard,Creekview Drive,3.3,92,Moderate,Out_and_Back
Vista Voyage,123 Horizon Hill Drive,Panorama Path,6.6,260,Hard,Point_to_Point
Sunset Sojourn,456 Twilight Trail,Evening Avenue,1.7,55,Easy,Loop_Trail
Redwood Retreat,789 Forest Floor Lane,Sequoia Avenue,5.2,170,Moderate,Out_and_Back
Clifftop Challenge,234 Precipice Path,Overlook Lane,8.4,350,Hard,Point_to_Point
Riverbank Ramble,890 Riverside Ridge,Creekview Avenue,3.6,102,Moderate,Loop_Trail
Valley View Voyage,234 Scenic Summit Road,Panorama Avenue,6.9,255,Hard,Point_to_Point
Tranquil Waters Trail,567 Lakeside Lane,Pondside Avenue,2.3,75,Easy,Loop_Trail
Desert Dunes Discovery,890 Oasis Road,Sandstone Street,4.7,118,Moderate,Out_and_Back
Summit Sunrise Stroll,123 Horizon Heights,Crestview Court,7.0,275,Hard,Point_to_Point
Autumn Amble,456 Harvest Lane,Maple Grove Avenue,2.8,88,Easy,Loop_Trail
Enchanted Forest Expedition,789 Magic Path,Fairytale Lane,4.3,110,Moderate,Out_and_Back
Mountain Majesty March,234 Altitude Avenue,Ascent Trailhead,5.7,195,Hard,Point_to_Point
Lakeside Leisure,567 Water's Edge Road,Shoreline Lane,1.5,50,Easy,Loop_Trail
Wilderness Wanderlust,890 Untamed Trail,Wildpath Avenue,3.9,103,Moderate,Out_and_Back
Ridgecrest Rendezvous,123 Crestline Court,Mountainview Drive,6.3,245,Hard,Point_to_Point
Serenity Summit,456 Peaceful Path,Harmony Lane,2.1,67,Easy,Loop_Trail
Sycamore Shade Stroll,789 Shady Grove Road,Leafy Lane,4.0,106,Moderate,Loop_Trail
Grand Canyon Gateway,234 Cliffside Avenue,Overlook Lane,7.3,295,Hard,Point_to_Point
Meadowland Meander,567 Green Pasture Lane,Wildflower Avenue,2.4,76,Easy,Loop_Trail
Riverside Ramble,890 Brookside Boulevard,Creekview Drive,3.3,92,Moderate,Out_and_Back
Vista Voyage,123 Horizon Hill Drive,Panorama Path,6.6,260,Hard,Point_to_Point
Sunset Sojourn,456 Twilight Trail,Evening Avenue,1.6,53,Easy,Loop_Trail
Redwood Retreat,789 Forest Floor Lane,Sequoia Avenue,5.1,168,Moderate,Out_and_Back
Clifftop Challenge,234 Precipice Path,Overlook Lane,8.5,353,Hard,Point_to_Point
Riverbank Ramble,890 Riverside Ridge,Creekview Avenue,3.5,100,Moderate,Loop_Trail
Valley View Voyage,123 Scenic Summit Road,Panorama Avenue,6.8,258,Hard,Point_to_Point
Tranquil Waters Trail,456 Lakeside Lane,Pondside Drive,2.1,74,Easy,Loop_Trail
Desert Dunes Discovery,789 Oasis Outlook,Sandstone Lane,4.8,122,Moderate,Out_and_Back
Summit Sunrise Stroll,234 Horizon Heights,Crestview Path,7.2,285,Hard,Point_to_Point
Autumn Amble,567 Harvest Haven Lane,Maple Grove Avenue,2.7,86,Easy,Loop_Trail
Enchanted Forest Expedition,890 Magic Meadow Lane,Fairytale Avenue,4.2,108,Moderate,Out_and_Back
Mountain Majesty March,123 Altitude Avenue,Ascent Lane,5.8,198,Hard,Point_to_Point
Lakeside Leisure,456 Waterfront Walk,Shoreline Avenue,1.4,48,Easy,Loop_Trail
Wilderness Wanderlust,789 Untamed Trail,Wildpath Avenue,3.9,103,Moderate,Out_and_Back
Ridgecrest Rendezvous,234 Crestline Court,Mountainview Drive,6.0,248,Hard,Point_to_Point
Serenity Summit,567 Peaceful Path,Harmony Avenue,2.0,66,Easy,Loop_Trail
Sycamore Shade Stroll,890 Shady Grove Road,Leafy Lane,3.9,104,Moderate,Loop_Trail
Grand Canyon Gateway,123 Cliffside Avenue,Overlook Lane,7.4,298,Hard,Point_to_Point
Meadowland Meander,456 Green Pasture Lane,Wildflower Avenue,2.3,72,Easy,Loop_Trail
Riverside Ramble,789 Brookside Boulevard,Creekview Drive,3.2,90,Moderate,Out_and_Back
Vista Voyage,234 Horizon Hill Drive,Panorama Path,6.7,262,Hard,Point_to_Point
Sunset Sojourn,567 Twilight Trail,Evening Avenue,1.5,52,Easy,Loop_Trail
Redwood Retreat,890 Forest Floor Lane,Sequoia Avenue,5.0,166,Moderate,Out_and_Back
Clifftop Challenge,123 Precipice Path,Overlook Lane,8.5,353,Hard,Point_to_Point
Riverbank Ramble,789 Riverside Ridge,Creekview Avenue,3.4,98,Moderate,Loop_Trail
Valley View Voyage,234 Scenic Summit Road,Panorama Avenue,6.6,256,Hard,Point_to_Point